game_name,month,total_ticket_sales,total_ticket_sales_count,year,zip_code
Lotto,January,680904.0,"169,005",2017,Online
Lucky Day Lotto,January,519490.0,"406,786",2017,Online
Mega Millions ,January,623048.0,"149,777",2017,Online
Pick 3,January,117236.0,"7,565",2017,Online
Pick3 Fireball,January,59059.0,"3,801",2017,Online
Pick 4,January,145418.0,"9,807",2017,Online
Pick4 Fireball,January,80696.0,"5,441",2017,Online
Powerball,January,680088.0,"108,469",2017,Online
EZ Match,January,3344.0,"3,344",2017,60002
Instant Rollup,January,364200.0,Not Tracked,2017,60002
Lotto,January,22696.0,"6,883",2017,60002
Lucky Day Lotto,January,27941.0,"11,913",2017,60002
Mega Millions ,January,21131.0,"7,693",2017,60002
Pick 3,January,21482.5,"19,999",2017,60002
Pick3 Fireball,January,4899.5,"4,911",2017,60002
Pick 4,January,9218.0,"9,456",2017,60002
Pick4 Fireball,January,3398.0,"3,823",2017,60002
Powerball,January,22431.0,"5,832",2017,60002
EZ Match,January,2847.0,"2,847",2017,60004
Instant Rollup,January,335550.0,Not Tracked,2017,60004
Lotto,January,28567.0,"8,593",2017,60004
Lucky Day Lotto,January,38454.0,"15,759",2017,60004
Mega Millions ,January,28853.0,"10,002",2017,60004
Pick 3,January,13162.0,"13,509",2017,60004
Pick3 Fireball,January,2212.5,"2,434",2017,60004
Pick 4,January,11409.0,"13,399",2017,60004
Pick4 Fireball,January,3016.5,"4,194",2017,60004
Powerball,January,27056.0,"6,737",2017,60004
EZ Match,January,3178.0,"3,178",2017,60005
Instant Rollup,January,438750.0,Not Tracked,2017,60005
Lotto,January,31851.0,"9,353",2017,60005
Lucky Day Lotto,January,42945.0,"16,434",2017,60005
Mega Millions ,January,31705.0,"10,163",2017,60005
Pick 3,January,17287.0,"16,340",2017,60005
Pick3 Fireball,January,3063.5,"3,287",2017,60005
Pick 4,January,13107.5,"15,658",2017,60005
Pick4 Fireball,January,4000.0,"5,533",2017,60005
Powerball,January,31713.0,"6,979",2017,60005
EZ Match,January,5954.0,"5,954",2017,60007
Instant Rollup,January,736200.0,Not Tracked,2017,60007
Lotto,January,44764.0,"13,127",2017,60007
Lucky Day Lotto,January,61696.0,"25,693",2017,60007
Mega Millions ,January,44649.0,"14,720",2017,60007
Pick 3,January,54131.5,"52,339",2017,60007
Pick3 Fireball,January,25131.5,"24,836",2017,60007
Pick 4,January,32179.0,"42,005",2017,60007
Pick4 Fireball,January,13220.0,"16,541",2017,60007
Powerball,January,38312.0,"9,263",2017,60007
EZ Match,January,1790.0,"1,790",2017,60008
Instant Rollup,January,419700.0,Not Tracked,2017,60008
Lotto,January,18291.0,"5,863",2017,60008
Lucky Day Lotto,January,21636.0,"9,370",2017,60008
Mega Millions ,January,21322.0,"7,429",2017,60008
Pick 3,January,19312.0,"17,812",2017,60008
Pick3 Fireball,January,3718.0,"3,248",2017,60008
Pick 4,January,9407.0,"11,010",2017,60008
Pick4 Fireball,January,2650.0,"3,479",2017,60008
Powerball,January,19507.0,"4,908",2017,60008
EZ Match,January,1076.0,"1,076",2017,60010
Instant Rollup,January,86550.0,Not Tracked,2017,60010
Lotto,January,10059.0,"2,860",2017,60010
Lucky Day Lotto,January,9409.0,"3,949",2017,60010
Mega Millions ,January,11948.0,"3,586",2017,60010
Pick 3,January,1195.5,"1,267",2017,60010
Pick3 Fireball,January,354.0,349,2017,60010
Pick 4,January,1007.5,"1,317",2017,60010
Pick4 Fireball,January,546.0,826,2017,60010
Powerball,January,11069.0,"2,384",2017,60010
EZ Match,January,22.0,22,2017,60012
Instant Rollup,January,6900.0,Not Tracked,2017,60012
Lotto,January,311.0,106,2017,60012
Lucky Day Lotto,January,622.0,207,2017,60012
Mega Millions ,January,349.0,158,2017,60012
Pick 3,January,77.0,101,2017,60012
Pick3 Fireball,January,27.0,53,2017,60012
Pick 4,January,35.0,35,2017,60012
Pick4 Fireball,January,3.0,5,2017,60012
Powerball,January,389.0,123,2017,60012
EZ Match,January,1266.0,"1,266",2017,60013
Instant Rollup,January,191100.0,Not Tracked,2017,60013
Lotto,January,15001.0,"4,593",2017,60013
Lucky Day Lotto,January,15763.0,"7,082",2017,60013
Mega Millions ,January,15239.0,"4,957",2017,60013
Pick 3,January,3341.5,"3,173",2017,60013
Pick3 Fireball,January,343.0,310,2017,60013
Pick 4,January,2180.0,"2,398",2017,60013
Pick4 Fireball,January,376.0,446,2017,60013
Powerball,January,13006.0,"3,189",2017,60013
EZ Match,January,4022.0,"4,022",2017,60014
Instant Rollup,January,494550.0,Not Tracked,2017,60014
Lotto,January,26037.0,"8,921",2017,60014
Lucky Day Lotto,January,36720.0,"15,779",2017,60014
Mega Millions ,January,26603.0,"10,206",2017,60014
Pick 3,January,8773.0,"7,735",2017,60014
Pick3 Fireball,January,2120.5,"1,971",2017,60014
Pick 4,January,4285.5,"4,481",2017,60014
Pick4 Fireball,January,1606.5,"1,657",2017,60014
Powerball,January,26646.0,"7,141",2017,60014
EZ Match,January,924.0,924,2017,60015
Instant Rollup,January,205350.0,Not Tracked,2017,60015
Lotto,January,13666.0,"4,484",2017,60015
Lucky Day Lotto,January,20380.0,"7,499",2017,60015
Mega Millions ,January,20077.0,"6,196",2017,60015
Pick 3,January,6951.0,"6,211",2017,60015
Pick3 Fireball,January,2488.5,"2,208",2017,60015
Pick 4,January,6966.0,"6,669",2017,60015
Pick4 Fireball,January,3151.5,"3,349",2017,60015
Powerball,January,19642.0,"4,102",2017,60015
EZ Match,January,8697.0,"8,697",2017,60016
Instant Rollup,January,1265250.0,Not Tracked,2017,60016
Lotto,January,55587.0,"18,026",2017,60016
Lucky Day Lotto,January,88114.0,"38,057",2017,60016
Mega Millions ,January,58212.0,"20,413",2017,60016
Pick 3,January,65341.5,"66,493",2017,60016
Pick3 Fireball,January,14373.0,"15,453",2017,60016
Pick 4,January,42386.5,"51,362",2017,60016
Pick4 Fireball,January,12434.0,"15,843",2017,60016
Powerball,January,52843.0,"13,288",2017,60016
EZ Match,January,3894.0,"3,894",2017,60018
Instant Rollup,January,853650.0,Not Tracked,2017,60018
Lotto,January,34639.0,"12,315",2017,60018
Lucky Day Lotto,January,53694.0,"24,536",2017,60018
Mega Millions ,January,45369.0,"16,191",2017,60018
Pick 3,January,39248.5,"39,863",2017,60018
Pick3 Fireball,January,8217.0,"9,356",2017,60018
Pick 4,January,35576.0,"45,844",2017,60018
Pick4 Fireball,January,9596.5,"13,383",2017,60018
Powerball,January,43742.0,"10,997",2017,60018
EZ Match,January,2003.0,"2,003",2017,60020
Instant Rollup,January,317100.0,Not Tracked,2017,60020
Lotto,January,13512.0,"4,635",2017,60020
Lucky Day Lotto,January,20455.0,"8,385",2017,60020
Mega Millions ,January,15352.0,"5,400",2017,60020
Pick 3,January,8609.5,"9,287",2017,60020
Pick3 Fireball,January,3514.5,"5,070",2017,60020
Pick 4,January,4532.0,"5,235",2017,60020
Pick4 Fireball,January,2201.5,"2,816",2017,60020
Powerball,January,13824.0,"3,528",2017,60020
EZ Match,January,158.0,158,2017,60021
Instant Rollup,January,91650.0,Not Tracked,2017,60021
Lotto,January,5640.0,"2,086",2017,60021
Lucky Day Lotto,January,6114.0,"2,513",2017,60021
Mega Millions ,January,7073.0,"2,460",2017,60021
Pick 3,January,1019.5,963,2017,60021
Pick3 Fireball,January,119.0,83,2017,60021
Pick 4,January,832.0,664,2017,60021
Pick4 Fireball,January,42.0,39,2017,60021
Powerball,January,6450.0,"1,560",2017,60021
EZ Match,January,44.0,44,2017,60022
Instant Rollup,January,11700.0,Not Tracked,2017,60022
Lotto,January,1269.0,450,2017,60022
Lucky Day Lotto,January,1748.0,785,2017,60022
Mega Millions ,January,2544.0,725,2017,60022
Pick 3,January,759.0,962,2017,60022
Pick3 Fireball,January,369.0,473,2017,60022
Pick 4,January,1032.5,"1,280",2017,60022
Pick4 Fireball,January,314.0,376,2017,60022
Powerball,January,5270.0,679,2017,60022
EZ Match,January,1865.0,"1,865",2017,60025
Instant Rollup,January,406350.0,Not Tracked,2017,60025
Lotto,January,34619.0,"9,545",2017,60025
Lucky Day Lotto,January,32055.0,"13,271",2017,60025
Mega Millions ,January,28990.0,"10,128",2017,60025
Pick 3,January,22659.5,"22,773",2017,60025
Pick3 Fireball,January,9139.0,"9,221",2017,60025
Pick 4,January,17766.5,"22,919",2017,60025
Pick4 Fireball,January,8368.5,"10,731",2017,60025
Powerball,January,27148.0,"6,487",2017,60025
EZ Match,January,71.0,71,2017,60026
Instant Rollup,January,48900.0,Not Tracked,2017,60026
Lotto,January,1068.0,488,2017,60026
Lucky Day Lotto,January,1256.0,685,2017,60026
Mega Millions ,January,2099.0,741,2017,60026
Pick 3,January,341.5,244,2017,60026
Pick3 Fireball,January,165.5,156,2017,60026
Pick 4,January,259.0,293,2017,60026
Pick4 Fireball,January,208.0,240,2017,60026
Powerball,January,1413.0,391,2017,60026
EZ Match,January,2079.0,"2,079",2017,60030
Instant Rollup,January,368850.0,Not Tracked,2017,60030
Lotto,January,20988.0,"6,933",2017,60030
Lucky Day Lotto,January,22801.0,"9,984",2017,60030
Mega Millions ,January,27667.0,"9,428",2017,60030
Pick 3,January,14637.0,"14,277",2017,60030
Pick3 Fireball,January,6323.0,"6,089",2017,60030
Pick 4,January,8366.0,"8,898",2017,60030
Pick4 Fireball,January,3668.5,"4,073",2017,60030
Powerball,January,29749.0,"6,940",2017,60030
EZ Match,January,2072.0,"2,072",2017,60031
Instant Rollup,January,377700.0,Not Tracked,2017,60031
Lotto,January,21320.0,"7,235",2017,60031
Lucky Day Lotto,January,25851.0,"11,237",2017,60031
Mega Millions ,January,28425.0,"10,016",2017,60031
Pick 3,January,19706.0,"20,550",2017,60031
Pick3 Fireball,January,4361.0,"4,897",2017,60031
Pick 4,January,16190.5,"19,525",2017,60031
Pick4 Fireball,January,4365.0,"5,416",2017,60031
Powerball,January,29582.0,"7,211",2017,60031
EZ Match,January,1023.0,"1,023",2017,60033
Instant Rollup,January,183450.0,Not Tracked,2017,60033
Lotto,January,6131.0,"2,215",2017,60033
Lucky Day Lotto,January,8249.0,"3,968",2017,60033
Mega Millions ,January,7422.0,"2,623",2017,60033
Pick 3,January,3802.0,"3,972",2017,60033
Pick3 Fireball,January,413.0,404,2017,60033
Pick 4,January,3255.5,"4,010",2017,60033
Pick4 Fireball,January,651.5,500,2017,60033
Powerball,January,6702.0,"1,929",2017,60033
EZ Match,January,60.0,60,2017,60034
Instant Rollup,January,12000.0,Not Tracked,2017,60034
Lotto,January,1498.0,281,2017,60034
Lucky Day Lotto,January,935.0,365,2017,60034
Mega Millions ,January,547.0,197,2017,60034
Pick 3,January,89.0,71,2017,60034
Pick3 Fireball,January,2.0,2,2017,60034
Pick 4,January,31.0,51,2017,60034
Pick4 Fireball,January,5.0,5,2017,60034
Powerball,January,1111.0,160,2017,60034
EZ Match,January,1435.0,"1,435",2017,60035
Instant Rollup,January,294450.0,Not Tracked,2017,60035
Lotto,January,21716.0,"6,727",2017,60035
Lucky Day Lotto,January,22722.0,"9,043",2017,60035
Mega Millions ,January,24974.0,"9,064",2017,60035
Pick 3,January,11676.0,"11,712",2017,60035
Pick3 Fireball,January,2888.5,"3,525",2017,60035
Pick 4,January,9526.0,"11,617",2017,60035
Pick4 Fireball,January,2404.0,"3,327",2017,60035
Powerball,January,25781.0,"6,200",2017,60035
EZ Match,January,745.0,745,2017,60040
Instant Rollup,January,129750.0,Not Tracked,2017,60040
Lotto,January,4828.0,"1,411",2017,60040
Lucky Day Lotto,January,6155.0,"2,760",2017,60040
Mega Millions ,January,5340.0,"1,845",2017,60040
Pick 3,January,2091.5,"2,021",2017,60040
Pick3 Fireball,January,387.0,560,2017,60040
Pick 4,January,1859.5,"2,161",2017,60040
Pick4 Fireball,January,995.0,"1,288",2017,60040
Powerball,January,6762.0,"1,417",2017,60040
EZ Match,January,741.0,741,2017,60041
Instant Rollup,January,100350.0,Not Tracked,2017,60041
Lotto,January,5030.0,"1,337",2017,60041
Lucky Day Lotto,January,5968.0,"2,443",2017,60041
Mega Millions ,January,3742.0,"1,246",2017,60041
Pick 3,January,4348.5,"4,218",2017,60041
Pick3 Fireball,January,924.0,"1,276",2017,60041
Pick 4,January,2354.0,"2,492",2017,60041
Pick4 Fireball,January,1191.5,"1,648",2017,60041
Powerball,January,3262.0,836,2017,60041
EZ Match,January,1106.0,"1,106",2017,60042
Instant Rollup,January,113400.0,Not Tracked,2017,60042
Lotto,January,10010.0,"2,831",2017,60042
Lucky Day Lotto,January,12792.0,"4,941",2017,60042
Mega Millions ,January,8622.0,"3,020",2017,60042
Pick 3,January,4603.0,"4,392",2017,60042
Pick3 Fireball,January,1342.0,"1,237",2017,60042
Pick 4,January,2610.0,"2,563",2017,60042
Pick4 Fireball,January,894.5,899,2017,60042
Powerball,January,8429.0,"2,053",2017,60042
EZ Match,January,595.0,595,2017,60044
Instant Rollup,January,97350.0,Not Tracked,2017,60044
Lotto,January,5640.0,"1,706",2017,60044
Lucky Day Lotto,January,10690.0,"3,665",2017,60044
Mega Millions ,January,8213.0,"2,689",2017,60044
Pick 3,January,7349.5,"6,044",2017,60044
Pick3 Fireball,January,1187.5,995,2017,60044
Pick 4,January,3948.5,"4,799",2017,60044
Pick4 Fireball,January,1081.5,"1,353",2017,60044
Powerball,January,7735.0,"1,796",2017,60044
EZ Match,January,249.0,249,2017,60045
Instant Rollup,January,87900.0,Not Tracked,2017,60045
Lotto,January,4652.0,"1,716",2017,60045
Lucky Day Lotto,January,4991.0,"2,227",2017,60045
Mega Millions ,January,8350.0,"2,995",2017,60045
Pick 3,January,1938.0,"1,831",2017,60045
Pick3 Fireball,January,504.0,511,2017,60045
Pick 4,January,1351.0,"1,759",2017,60045
Pick4 Fireball,January,443.0,518,2017,60045
Powerball,January,10039.0,"2,252",2017,60045
EZ Match,January,2696.0,"2,696",2017,60046
Instant Rollup,January,365850.0,Not Tracked,2017,60046
Lotto,January,21708.0,"6,238",2017,60046
Lucky Day Lotto,January,26944.0,"10,698",2017,60046
Mega Millions ,January,21621.0,"7,101",2017,60046
Pick 3,January,22407.0,"21,238",2017,60046
Pick3 Fireball,January,1802.0,"1,879",2017,60046
Pick 4,January,23610.5,"12,839",2017,60046
Pick4 Fireball,January,1376.0,"1,632",2017,60046
Powerball,January,22721.0,"5,251",2017,60046
EZ Match,January,1407.0,"1,407",2017,60047
Instant Rollup,January,267150.0,Not Tracked,2017,60047
Lotto,January,28657.0,"8,282",2017,60047
Lucky Day Lotto,January,30691.0,"11,419",2017,60047
Mega Millions ,January,30741.0,"10,050",2017,60047
Pick 3,January,6721.0,"6,714",2017,60047
Pick3 Fireball,January,2787.0,"2,551",2017,60047
Pick 4,January,8041.5,"7,514",2017,60047
Pick4 Fireball,January,2268.0,"2,380",2017,60047
Powerball,January,29508.0,"7,130",2017,60047
EZ Match,January,1092.0,"1,092",2017,60048
Instant Rollup,January,224850.0,Not Tracked,2017,60048
Lotto,January,14592.0,"5,036",2017,60048
Lucky Day Lotto,January,13840.0,"6,438",2017,60048
Mega Millions ,January,19746.0,"7,102",2017,60048
Pick 3,January,4256.5,"4,017",2017,60048
Pick3 Fireball,January,1292.0,"1,175",2017,60048
Pick 4,January,3861.5,"4,444",2017,60048
Pick4 Fireball,January,888.5,"1,185",2017,60048
Powerball,January,20658.0,"4,883",2017,60048
EZ Match,January,4726.0,"4,726",2017,60050
Instant Rollup,January,584250.0,Not Tracked,2017,60050
Lotto,January,29620.0,"9,184",2017,60050
Lucky Day Lotto,January,34909.0,"16,335",2017,60050
Mega Millions ,January,24909.0,"9,467",2017,60050
Pick 3,January,13697.0,"12,897",2017,60050
Pick3 Fireball,January,5188.0,"4,944",2017,60050
Pick 4,January,8315.5,"8,178",2017,60050
Pick4 Fireball,January,5019.5,"5,395",2017,60050
Powerball,January,26311.0,"6,671",2017,60050
EZ Match,January,1403.0,"1,403",2017,60051
Instant Rollup,January,149850.0,Not Tracked,2017,60051
Lotto,January,10264.0,"3,056",2017,60051
Lucky Day Lotto,January,13589.0,"5,706",2017,60051
Mega Millions ,January,9586.0,"3,474",2017,60051
Pick 3,January,3870.0,"3,579",2017,60051
Pick3 Fireball,January,832.0,754,2017,60051
Pick 4,January,2582.0,"2,362",2017,60051
Pick4 Fireball,January,1561.0,"1,382",2017,60051
Powerball,January,10372.0,"2,549",2017,60051
EZ Match,January,3686.0,"3,686",2017,60053
Instant Rollup,January,783600.0,Not Tracked,2017,60053
Lotto,January,36258.0,"10,934",2017,60053
Lucky Day Lotto,January,48225.0,"20,826",2017,60053
Mega Millions ,January,37443.0,"12,459",2017,60053
Pick 3,January,46214.5,"44,410",2017,60053
Pick3 Fireball,January,12362.0,"12,722",2017,60053
Pick 4,January,38529.5,"48,854",2017,60053
Pick4 Fireball,January,13709.0,"18,095",2017,60053
Powerball,January,34904.0,"8,442",2017,60053
EZ Match,January,3010.0,"3,010",2017,60056
Instant Rollup,January,746400.0,Not Tracked,2017,60056
Lotto,January,36846.0,"11,569",2017,60056
Lucky Day Lotto,January,46493.0,"19,256",2017,60056
Mega Millions ,January,37336.0,"12,742",2017,60056
Pick 3,January,24614.0,"24,150",2017,60056
Pick3 Fireball,January,4708.5,"5,077",2017,60056
Pick 4,January,18226.0,"21,515",2017,60056
Pick4 Fireball,January,4126.5,"5,010",2017,60056
Powerball,January,33438.0,"8,066",2017,60056
EZ Match,January,3488.0,"3,488",2017,60060
Instant Rollup,January,524700.0,Not Tracked,2017,60060
Lotto,January,26791.0,"8,879",2017,60060
Lucky Day Lotto,January,31054.0,"13,752",2017,60060
Mega Millions ,January,31822.0,"11,474",2017,60060
Pick 3,January,12341.0,"12,595",2017,60060
Pick3 Fireball,January,3791.5,"4,064",2017,60060
Pick 4,January,11234.5,"10,609",2017,60060
Pick4 Fireball,January,4384.5,"4,239",2017,60060
Powerball,January,31706.0,"7,820",2017,60060
EZ Match,January,1610.0,"1,610",2017,60061
Instant Rollup,January,192150.0,Not Tracked,2017,60061
Lotto,January,14652.0,"4,949",2017,60061
Lucky Day Lotto,January,14563.0,"6,843",2017,60061
Mega Millions ,January,18963.0,"6,471",2017,60061
Pick 3,January,36091.0,"23,232",2017,60061
Pick3 Fireball,January,3343.5,"3,510",2017,60061
Pick 4,January,12221.5,"16,619",2017,60061
Pick4 Fireball,January,3954.5,"4,768",2017,60061
Powerball,January,19199.0,"4,721",2017,60061
EZ Match,January,2083.0,"2,083",2017,60062
Instant Rollup,January,415650.0,Not Tracked,2017,60062
Lotto,January,30659.0,"8,778",2017,60062
Lucky Day Lotto,January,30070.0,"12,958",2017,60062
Mega Millions ,January,35045.0,"11,116",2017,60062
Pick 3,January,13297.0,"12,623",2017,60062
Pick3 Fireball,January,3435.0,"3,071",2017,60062
Pick 4,January,13677.0,"16,207",2017,60062
Pick4 Fireball,January,3609.0,"3,789",2017,60062
Powerball,January,34949.0,"7,821",2017,60062
EZ Match,January,1818.0,"1,818",2017,60064
Instant Rollup,January,346350.0,Not Tracked,2017,60064
Lotto,January,5845.0,"2,563",2017,60064
Lucky Day Lotto,January,11894.0,"6,953",2017,60064
Mega Millions ,January,10349.0,"4,420",2017,60064
Pick 3,January,51710.5,"50,902",2017,60064
Pick3 Fireball,January,10395.5,"12,072",2017,60064
Pick 4,January,46771.0,"66,909",2017,60064
Pick4 Fireball,January,13193.5,"18,256",2017,60064
Powerball,January,11471.0,"3,271",2017,60064
EZ Match,January,2539.0,"2,539",2017,60067
Instant Rollup,January,312150.0,Not Tracked,2017,60067
Lotto,January,25831.0,"7,222",2017,60067
Lucky Day Lotto,January,28089.0,"11,739",2017,60067
Mega Millions ,January,23686.0,"8,064",2017,60067
Pick 3,January,9473.5,"9,009",2017,60067
Pick3 Fireball,January,2793.5,"2,906",2017,60067
Pick 4,January,6759.0,"9,562",2017,60067
Pick4 Fireball,January,1506.5,"1,893",2017,60067
Powerball,January,22106.0,"5,566",2017,60067
EZ Match,January,2036.0,"2,036",2017,60068
Instant Rollup,January,328050.0,Not Tracked,2017,60068
Lotto,January,27450.0,"8,253",2017,60068
Lucky Day Lotto,January,30339.0,"13,034",2017,60068
Mega Millions ,January,28679.0,"9,529",2017,60068
Pick 3,January,11575.0,"10,613",2017,60068
Pick3 Fireball,January,2814.0,"2,866",2017,60068
Pick 4,January,9284.0,"9,604",2017,60068
Pick4 Fireball,January,3284.0,"3,664",2017,60068
Powerball,January,28066.0,"6,572",2017,60068
EZ Match,January,240.0,240,2017,60069
Instant Rollup,January,52500.0,Not Tracked,2017,60069
Lotto,January,4147.0,"1,384",2017,60069
Lucky Day Lotto,January,3999.0,"1,764",2017,60069
Mega Millions ,January,6052.0,"2,153",2017,60069
Pick 3,January,633.0,631,2017,60069
Pick3 Fireball,January,165.0,125,2017,60069
Pick 4,January,788.5,828,2017,60069
Pick4 Fireball,January,243.5,302,2017,60069
Powerball,January,5902.0,"1,406",2017,60069
EZ Match,January,1970.0,"1,970",2017,60070
Instant Rollup,January,302850.0,Not Tracked,2017,60070
Lotto,January,19322.0,"5,564",2017,60070
Lucky Day Lotto,January,24004.0,"10,733",2017,60070
Mega Millions ,January,17320.0,"5,745",2017,60070
Pick 3,January,14136.0,"14,740",2017,60070
Pick3 Fireball,January,3726.0,"4,064",2017,60070
Pick 4,January,12812.0,"13,608",2017,60070
Pick4 Fireball,January,4152.5,"4,206",2017,60070
Powerball,January,15660.0,"3,781",2017,60070
EZ Match,January,658.0,658,2017,60071
Instant Rollup,January,114000.0,Not Tracked,2017,60071
Lotto,January,7715.0,"2,151",2017,60071
Lucky Day Lotto,January,8613.0,"2,902",2017,60071
Mega Millions ,January,6209.0,"2,276",2017,60071
Pick 3,January,5952.0,"4,613",2017,60071
Pick3 Fireball,January,3347.5,"2,038",2017,60071
Pick 4,January,7517.0,"4,519",2017,60071
Pick4 Fireball,January,5975.0,"2,777",2017,60071
Powerball,January,6736.0,"1,609",2017,60071
EZ Match,January,4661.0,"4,661",2017,60073
Instant Rollup,January,902550.0,Not Tracked,2017,60073
Lotto,January,26285.0,"8,688",2017,60073
Lucky Day Lotto,January,34663.0,"16,225",2017,60073
Mega Millions ,January,31590.0,"11,961",2017,60073
Pick 3,January,26320.5,"26,363",2017,60073
Pick3 Fireball,January,4959.0,"5,547",2017,60073
Pick 4,January,16822.0,"18,729",2017,60073
Pick4 Fireball,January,5770.5,"6,138",2017,60073
Powerball,January,31793.0,"8,436",2017,60073
EZ Match,January,2811.0,"2,811",2017,60074
Instant Rollup,January,624150.0,Not Tracked,2017,60074
Lotto,January,21742.0,"6,953",2017,60074
Lucky Day Lotto,January,30590.0,"12,912",2017,60074
Mega Millions ,January,25944.0,"8,988",2017,60074
Pick 3,January,16736.0,"14,433",2017,60074
Pick3 Fireball,January,3948.0,"3,874",2017,60074
Pick 4,January,14716.0,"17,461",2017,60074
Pick4 Fireball,January,4724.0,"5,463",2017,60074
Powerball,January,25330.0,"6,038",2017,60074
EZ Match,January,70.0,70,2017,60075
Instant Rollup,January,9450.0,Not Tracked,2017,60075
Lotto,January,781.0,232,2017,60075
Lucky Day Lotto,January,901.0,413,2017,60075
Mega Millions ,January,1033.0,416,2017,60075
Pick 3,January,193.5,188,2017,60075
Pick3 Fireball,January,50.0,48,2017,60075
Pick 4,January,277.5,291,2017,60075
Pick4 Fireball,January,167.0,168,2017,60075
Powerball,January,1174.0,320,2017,60075
EZ Match,January,3427.0,"3,427",2017,60076
Instant Rollup,January,647550.0,Not Tracked,2017,60076
Lotto,January,32552.0,"11,260",2017,60076
Lucky Day Lotto,January,45167.0,"20,912",2017,60076
Mega Millions ,January,31242.0,"12,043",2017,60076
Pick 3,January,43254.5,"44,561",2017,60076
Pick3 Fireball,January,8067.5,"9,986",2017,60076
Pick 4,January,42182.5,"53,153",2017,60076
Pick4 Fireball,January,14773.0,"19,886",2017,60076
Powerball,January,30821.0,"8,184",2017,60076
EZ Match,January,2503.0,"2,503",2017,60077
Instant Rollup,January,506100.0,Not Tracked,2017,60077
Lotto,January,23061.0,"8,412",2017,60077
Lucky Day Lotto,January,33856.0,"16,551",2017,60077
Mega Millions ,January,26003.0,"10,287",2017,60077
Pick 3,January,27604.0,"28,895",2017,60077
Pick3 Fireball,January,5660.5,"6,739",2017,60077
Pick 4,January,31254.0,"41,575",2017,60077
Pick4 Fireball,January,7786.5,"11,417",2017,60077
Powerball,January,25325.0,"6,800",2017,60077
EZ Match,January,174.0,174,2017,60081
Instant Rollup,January,48450.0,Not Tracked,2017,60081
Lotto,January,2704.0,909,2017,60081
Lucky Day Lotto,January,4104.0,"1,412",2017,60081
Mega Millions ,January,2970.0,964,2017,60081
Pick 3,January,1589.0,"1,588",2017,60081
Pick3 Fireball,January,77.0,37,2017,60081
Pick 4,January,557.5,472,2017,60081
Pick4 Fireball,January,9.5,9,2017,60081
Powerball,January,2994.0,694,2017,60081
EZ Match,January,906.0,906,2017,60083
Instant Rollup,January,148050.0,Not Tracked,2017,60083
Lotto,January,14425.0,"2,946",2017,60083
Lucky Day Lotto,January,16003.0,"4,608",2017,60083
Mega Millions ,January,12943.0,"4,266",2017,60083
Pick 3,January,6902.0,"5,879",2017,60083
Pick3 Fireball,January,1532.5,"1,412",2017,60083
Pick 4,January,7528.0,"7,272",2017,60083
Pick4 Fireball,January,1912.0,"1,928",2017,60083
Powerball,January,13614.0,"3,280",2017,60083
EZ Match,January,936.0,936,2017,60084
Instant Rollup,January,229650.0,Not Tracked,2017,60084
Lotto,January,9100.0,"2,907",2017,60084
Lucky Day Lotto,January,12463.0,"4,949",2017,60084
Mega Millions ,January,9912.0,"3,548",2017,60084
Pick 3,January,12106.5,"12,353",2017,60084
Pick3 Fireball,January,2434.5,"2,849",2017,60084
Pick 4,January,5209.5,"4,671",2017,60084
Pick4 Fireball,January,2555.5,"2,497",2017,60084
Powerball,January,8657.0,"2,238",2017,60084
EZ Match,January,4273.0,"4,273",2017,60085
Instant Rollup,January,1146300.0,Not Tracked,2017,60085
Lotto,January,23144.0,"9,493",2017,60085
Lucky Day Lotto,January,37412.0,"20,867",2017,60085
Mega Millions ,January,31646.0,"14,114",2017,60085
Pick 3,January,106604.0,"111,797",2017,60085
Pick3 Fireball,January,17831.5,"22,180",2017,60085
Pick 4,January,85487.5,"120,062",2017,60085
Pick4 Fireball,January,20200.0,"29,317",2017,60085
Powerball,January,32258.0,"9,767",2017,60085
EZ Match,January,2706.0,"2,706",2017,60087
Instant Rollup,January,505200.0,Not Tracked,2017,60087
Lotto,January,17690.0,"6,180",2017,60087
Lucky Day Lotto,January,27298.0,"13,008",2017,60087
Mega Millions ,January,22964.0,"8,265",2017,60087
Pick 3,January,43695.0,"42,716",2017,60087
Pick3 Fireball,January,9518.5,"10,607",2017,60087
Pick 4,January,40670.5,"52,252",2017,60087
Pick4 Fireball,January,13910.5,"17,887",2017,60087
Powerball,January,23048.0,"5,818",2017,60087
EZ Match,January,3464.0,"3,464",2017,60089
Instant Rollup,January,396750.0,Not Tracked,2017,60089
Lotto,January,30655.0,"9,051",2017,60089
Lucky Day Lotto,January,33715.0,"14,800",2017,60089
Mega Millions ,January,36330.0,"12,647",2017,60089
Pick 3,January,10523.5,"10,021",2017,60089
Pick3 Fireball,January,3668.5,"3,711",2017,60089
Pick 4,January,7699.0,"8,803",2017,60089
Pick4 Fireball,January,3351.5,"4,177",2017,60089
Powerball,January,33572.0,"8,108",2017,60089
EZ Match,January,1581.0,"1,581",2017,60090
Instant Rollup,January,240750.0,Not Tracked,2017,60090
Lotto,January,11844.0,"4,006",2017,60090
Lucky Day Lotto,January,18797.0,"8,594",2017,60090
Mega Millions ,January,13083.0,"4,920",2017,60090
Pick 3,January,24490.5,"19,162",2017,60090
Pick3 Fireball,January,3415.5,"3,986",2017,60090
Pick 4,January,14272.0,"17,457",2017,60090
Pick4 Fireball,January,2987.0,"4,464",2017,60090
Powerball,January,12463.0,"3,441",2017,60090
EZ Match,January,1154.0,"1,154",2017,60091
Instant Rollup,January,183750.0,Not Tracked,2017,60091
Lotto,January,13334.0,"4,218",2017,60091
Lucky Day Lotto,January,12873.0,"5,707",2017,60091
Mega Millions ,January,16221.0,"5,667",2017,60091
Pick 3,January,9168.0,"8,431",2017,60091
Pick3 Fireball,January,1194.0,"1,319",2017,60091
Pick 4,January,5857.0,"7,625",2017,60091
Pick4 Fireball,January,2039.5,"2,695",2017,60091
Powerball,January,16158.0,"3,830",2017,60091
EZ Match,January,380.0,380,2017,60093
Instant Rollup,January,55050.0,Not Tracked,2017,60093
Lotto,January,4685.0,"1,490",2017,60093
Lucky Day Lotto,January,6488.0,"2,397",2017,60093
Mega Millions ,January,7575.0,"2,254",2017,60093
Pick 3,January,2744.5,"2,697",2017,60093
Pick3 Fireball,January,449.0,543,2017,60093
Pick 4,January,2697.5,"3,176",2017,60093
Pick4 Fireball,January,619.0,776,2017,60093
Powerball,January,7982.0,"1,674",2017,60093
EZ Match,January,778.0,778,2017,60096
Instant Rollup,January,128400.0,Not Tracked,2017,60096
Lotto,January,9336.0,"2,176",2017,60096
Lucky Day Lotto,January,10386.0,"3,543",2017,60096
Mega Millions ,January,6176.0,"2,037",2017,60096
Pick 3,January,10565.5,"10,568",2017,60096
Pick3 Fireball,January,1921.0,"2,123",2017,60096
Pick 4,January,6753.5,"8,087",2017,60096
Pick4 Fireball,January,1511.0,"1,717",2017,60096
Powerball,January,7010.0,"1,670",2017,60096
EZ Match,January,568.0,568,2017,60097
Instant Rollup,January,87450.0,Not Tracked,2017,60097
Lotto,January,4874.0,"1,714",2017,60097
Lucky Day Lotto,January,5310.0,"2,587",2017,60097
Mega Millions ,January,4205.0,"1,702",2017,60097
Pick 3,January,787.5,890,2017,60097
Pick3 Fireball,January,97.5,90,2017,60097
Pick 4,January,1033.5,"1,463",2017,60097
Pick4 Fireball,January,149.0,105,2017,60097
Powerball,January,3970.0,"1,130",2017,60097
EZ Match,January,2509.0,"2,509",2017,60098
Instant Rollup,January,349050.0,Not Tracked,2017,60098
Lotto,January,16161.0,"5,354",2017,60098
Lucky Day Lotto,January,18725.0,"8,842",2017,60098
Mega Millions ,January,16719.0,"6,533",2017,60098
Pick 3,January,4921.0,"4,702",2017,60098
Pick3 Fireball,January,1329.5,"1,342",2017,60098
Pick 4,January,4015.0,"5,094",2017,60098
Pick4 Fireball,January,2107.5,"2,878",2017,60098
Powerball,January,15756.0,"4,542",2017,60098
EZ Match,January,2110.0,"2,110",2017,60099
Instant Rollup,January,362100.0,Not Tracked,2017,60099
Lotto,January,12865.0,"4,698",2017,60099
Lucky Day Lotto,January,19028.0,"9,773",2017,60099
Mega Millions ,January,15818.0,"6,300",2017,60099
Pick 3,January,39537.5,"43,139",2017,60099
Pick3 Fireball,January,7019.0,"8,328",2017,60099
Pick 4,January,26624.0,"37,542",2017,60099
Pick4 Fireball,January,9205.0,"13,621",2017,60099
Powerball,January,17066.0,"4,706",2017,60099
EZ Match,January,3912.0,"3,912",2017,60101
Instant Rollup,January,912900.0,Not Tracked,2017,60101
Lotto,January,36895.0,"11,891",2017,60101
Lucky Day Lotto,January,56345.0,"23,120",2017,60101
Mega Millions ,January,44684.0,"16,015",2017,60101
Pick 3,January,42448.5,"44,484",2017,60101
Pick3 Fireball,January,8196.5,"10,002",2017,60101
Pick 4,January,26040.5,"32,458",2017,60101
Pick4 Fireball,January,7493.5,"10,414",2017,60101
Powerball,January,42625.0,"10,656",2017,60101
EZ Match,January,1895.0,"1,895",2017,60102
Instant Rollup,January,540750.0,Not Tracked,2017,60102
Lotto,January,30767.0,"9,847",2017,60102
Lucky Day Lotto,January,34339.0,"13,778",2017,60102
Mega Millions ,January,33232.0,"11,770",2017,60102
Pick 3,January,11052.0,"10,997",2017,60102
Pick3 Fireball,January,2325.5,"2,385",2017,60102
Pick 4,January,6870.5,"7,145",2017,60102
Pick4 Fireball,January,2565.5,"3,436",2017,60102
Powerball,January,31976.0,"8,045",2017,60102
EZ Match,January,2045.0,"2,045",2017,60103
Instant Rollup,January,336750.0,Not Tracked,2017,60103
Lotto,January,25291.0,"7,071",2017,60103
Lucky Day Lotto,January,29440.0,"11,906",2017,60103
Mega Millions ,January,24471.0,"8,111",2017,60103
Pick 3,January,15701.0,"15,599",2017,60103
Pick3 Fireball,January,3689.0,"3,958",2017,60103
Pick 4,January,9029.0,"10,645",2017,60103
Pick4 Fireball,January,2362.0,"3,370",2017,60103
Powerball,January,21579.0,"5,253",2017,60103
EZ Match,January,3102.0,"3,102",2017,60104
Instant Rollup,January,311400.0,Not Tracked,2017,60104
Lotto,January,8523.0,"2,822",2017,60104
Lucky Day Lotto,January,21141.0,"11,955",2017,60104
Mega Millions ,January,8420.0,"3,585",2017,60104
Pick 3,January,116656.0,"127,609",2017,60104
Pick3 Fireball,January,24112.5,"28,659",2017,60104
Pick 4,January,112591.0,"187,637",2017,60104
Pick4 Fireball,January,32571.0,"56,426",2017,60104
Powerball,January,9258.0,"2,451",2017,60104
EZ Match,January,3010.0,"3,010",2017,60106
Instant Rollup,January,822750.0,Not Tracked,2017,60106
Lotto,January,28564.0,"9,417",2017,60106
Lucky Day Lotto,January,38805.0,"18,218",2017,60106
Mega Millions ,January,33889.0,"12,673",2017,60106
Pick 3,January,35655.0,"36,480",2017,60106
Pick3 Fireball,January,5107.0,"5,905",2017,60106
Pick 4,January,27963.0,"37,746",2017,60106
Pick4 Fireball,January,8008.0,"10,728",2017,60106
Powerball,January,28046.0,"7,765",2017,60106
EZ Match,January,4037.0,"4,037",2017,60107
Instant Rollup,January,721200.0,Not Tracked,2017,60107
Lotto,January,34465.0,"10,089",2017,60107
Lucky Day Lotto,January,48119.0,"20,237",2017,60107
Mega Millions ,January,33438.0,"11,002",2017,60107
Pick 3,January,34389.5,"31,418",2017,60107
Pick3 Fireball,January,6783.5,"7,674",2017,60107
Pick 4,January,22149.5,"27,643",2017,60107
Pick4 Fireball,January,8235.0,"10,478",2017,60107
Powerball,January,31930.0,"7,728",2017,60107
EZ Match,January,2624.0,"2,624",2017,60108
Instant Rollup,January,401700.0,Not Tracked,2017,60108
Lotto,January,26635.0,"8,840",2017,60108
Lucky Day Lotto,January,31821.0,"14,859",2017,60108
Mega Millions ,January,30859.0,"11,130",2017,60108
Pick 3,January,16807.5,"16,516",2017,60108
Pick3 Fireball,January,3530.5,"4,055",2017,60108
Pick 4,January,16041.0,"21,392",2017,60108
Pick4 Fireball,January,5018.5,"7,733",2017,60108
Powerball,January,28184.0,"7,168",2017,60108
EZ Match,January,229.0,229,2017,60109
Instant Rollup,January,14100.0,Not Tracked,2017,60109
Lotto,January,898.0,337,2017,60109
Lucky Day Lotto,January,1311.0,711,2017,60109
Mega Millions ,January,787.0,295,2017,60109
Pick 3,January,228.0,98,2017,60109
Pick3 Fireball,January,20.0,22,2017,60109
Pick 4,January,17.0,20,2017,60109
Pick4 Fireball,January,17.0,20,2017,60109
Powerball,January,1064.0,257,2017,60109
EZ Match,January,2575.0,"2,575",2017,60110
Instant Rollup,January,429750.0,Not Tracked,2017,60110
Lotto,January,18616.0,"6,104",2017,60110
Lucky Day Lotto,January,22555.0,"9,820",2017,60110
Mega Millions ,January,22023.0,"7,528",2017,60110
Pick 3,January,13761.0,"14,803",2017,60110
Pick3 Fireball,January,3097.0,"3,419",2017,60110
Pick 4,January,8358.5,"8,679",2017,60110
Pick4 Fireball,January,2677.0,"3,393",2017,60110
Powerball,January,20730.0,"5,143",2017,60110
EZ Match,January,303.0,303,2017,60112
Instant Rollup,January,38250.0,Not Tracked,2017,60112
Lotto,January,2341.0,730,2017,60112
Lucky Day Lotto,January,2499.0,"1,115",2017,60112
Mega Millions ,January,2538.0,900,2017,60112
Pick 3,January,636.0,495,2017,60112
Pick3 Fireball,January,177.0,182,2017,60112
Pick 4,January,298.5,390,2017,60112
Pick4 Fireball,January,38.0,46,2017,60112
Powerball,January,2488.0,628,2017,60112
EZ Match,January,78.0,78,2017,60113
Instant Rollup,January,12000.0,Not Tracked,2017,60113
Lotto,January,654.0,234,2017,60113
Lucky Day Lotto,January,475.0,260,2017,60113
Mega Millions ,January,740.0,357,2017,60113
Pick 3,January,529.5,276,2017,60113
Pick3 Fireball,January,22.0,21,2017,60113
Pick 4,January,459.0,479,2017,60113
Pick4 Fireball,January,13.0,15,2017,60113
Powerball,January,904.0,278,2017,60113
EZ Match,January,1757.0,"1,757",2017,60115
Instant Rollup,January,409800.0,Not Tracked,2017,60115
Lotto,January,12137.0,"4,420",2017,60115
Lucky Day Lotto,January,14685.0,"7,466",2017,60115
Mega Millions ,January,15481.0,"6,237",2017,60115
Pick 3,January,17647.0,"18,862",2017,60115
Pick3 Fireball,January,3410.5,"4,109",2017,60115
Pick 4,January,10397.5,"12,831",2017,60115
Pick4 Fireball,January,4596.0,"5,599",2017,60115
Powerball,January,16044.0,"4,302",2017,60115
EZ Match,January,3136.0,"3,136",2017,60118
Instant Rollup,January,286350.0,Not Tracked,2017,60118
Lotto,January,17408.0,"5,870",2017,60118
Lucky Day Lotto,January,22125.0,"9,920",2017,60118
Mega Millions ,January,19637.0,"6,916",2017,60118
Pick 3,January,12467.5,"11,627",2017,60118
Pick3 Fireball,January,3115.5,"2,927",2017,60118
Pick 4,January,7136.0,"8,235",2017,60118
Pick4 Fireball,January,3614.0,"4,434",2017,60118
Powerball,January,18375.0,"4,311",2017,60118
EZ Match,January,210.0,210,2017,60119
Instant Rollup,January,68100.0,Not Tracked,2017,60119
Lotto,January,3229.0,"1,169",2017,60119
Lucky Day Lotto,January,3326.0,"1,461",2017,60119
Mega Millions ,January,3018.0,"1,217",2017,60119
Pick 3,January,1452.5,"1,555",2017,60119
Pick3 Fireball,January,161.0,188,2017,60119
Pick 4,January,1110.0,"1,257",2017,60119
Pick4 Fireball,January,416.0,448,2017,60119
Powerball,January,3230.0,823,2017,60119
EZ Match,January,8420.0,"8,420",2017,60120
Instant Rollup,January,725850.0,Not Tracked,2017,60120
Lotto,January,23026.0,"7,675",2017,60120
Lucky Day Lotto,January,41887.0,"21,510",2017,60120
Mega Millions ,January,25960.0,"9,925",2017,60120
Pick 3,January,27904.5,"28,760",2017,60120
Pick3 Fireball,January,3273.5,"3,560",2017,60120
Pick 4,January,23625.0,"28,248",2017,60120
Pick4 Fireball,January,6489.0,"7,687",2017,60120
Powerball,January,24654.0,"6,490",2017,60120
EZ Match,January,3519.0,"3,519",2017,60123
Instant Rollup,January,655200.0,Not Tracked,2017,60123
Lotto,January,30985.0,"9,681",2017,60123
Lucky Day Lotto,January,37280.0,"16,613",2017,60123
Mega Millions ,January,35914.0,"12,275",2017,60123
Pick 3,January,36980.0,"37,558",2017,60123
Pick3 Fireball,January,8097.5,"8,719",2017,60123
Pick 4,January,21582.5,"26,658",2017,60123
Pick4 Fireball,January,6596.0,"8,516",2017,60123
Powerball,January,32879.0,"8,187",2017,60123
EZ Match,January,535.0,535,2017,60124
Instant Rollup,January,70650.0,Not Tracked,2017,60124
Lotto,January,4208.0,"1,511",2017,60124
Lucky Day Lotto,January,5108.0,"2,423",2017,60124
Mega Millions ,January,6181.0,"2,096",2017,60124
Pick 3,January,1126.5,"1,276",2017,60124
Pick3 Fireball,January,264.5,301,2017,60124
Pick 4,January,921.5,"1,145",2017,60124
Pick4 Fireball,January,248.5,299,2017,60124
Powerball,January,6442.0,"1,505",2017,60124
EZ Match,January,3883.0,"3,883",2017,60126
Instant Rollup,January,594300.0,Not Tracked,2017,60126
Lotto,January,34427.0,"11,765",2017,60126
Lucky Day Lotto,January,43971.0,"20,905",2017,60126
Mega Millions ,January,42119.0,"14,913",2017,60126
Pick 3,January,39975.0,"41,020",2017,60126
Pick3 Fireball,January,10018.5,"11,547",2017,60126
Pick 4,January,34029.0,"43,458",2017,60126
Pick4 Fireball,January,9233.0,"13,888",2017,60126
Powerball,January,39059.0,"10,138",2017,60126
EZ Match,January,4668.0,"4,668",2017,60130
Instant Rollup,January,480600.0,Not Tracked,2017,60130
Lotto,January,17018.0,"6,530",2017,60130
Lucky Day Lotto,January,28652.0,"16,081",2017,60130
Mega Millions ,January,21732.0,"8,485",2017,60130
Pick 3,January,102904.5,"110,022",2017,60130
Pick3 Fireball,January,19946.5,"22,825",2017,60130
Pick 4,January,88951.5,"136,639",2017,60130
Pick4 Fireball,January,26684.5,"43,722",2017,60130
Powerball,January,20722.0,"5,480",2017,60130
EZ Match,January,1870.0,"1,870",2017,60131
Instant Rollup,January,468300.0,Not Tracked,2017,60131
Lotto,January,13106.0,"4,535",2017,60131
Lucky Day Lotto,January,20857.0,"10,230",2017,60131
Mega Millions ,January,17227.0,"6,279",2017,60131
Pick 3,January,33423.0,"34,910",2017,60131
Pick3 Fireball,January,4499.5,"5,274",2017,60131
Pick 4,January,23636.5,"31,731",2017,60131
Pick4 Fireball,January,4793.0,"7,087",2017,60131
Powerball,January,15917.0,"3,934",2017,60131
EZ Match,January,2420.0,"2,420",2017,60133
Instant Rollup,January,510300.0,Not Tracked,2017,60133
Lotto,January,20048.0,"6,575",2017,60133
Lucky Day Lotto,January,25804.0,"11,850",2017,60133
Mega Millions ,January,21769.0,"7,986",2017,60133
Pick 3,January,26842.5,"26,558",2017,60133
Pick3 Fireball,January,7563.0,"8,101",2017,60133
Pick 4,January,16871.5,"20,880",2017,60133
Pick4 Fireball,January,6647.5,"7,955",2017,60133
Powerball,January,19692.0,"5,164",2017,60133
EZ Match,January,1281.0,"1,281",2017,60134
Instant Rollup,January,199650.0,Not Tracked,2017,60134
Lotto,January,15143.0,"4,428",2017,60134
Lucky Day Lotto,January,16156.0,"6,772",2017,60134
Mega Millions ,January,15588.0,"4,966",2017,60134
Pick 3,January,7048.5,"6,571",2017,60134
Pick3 Fireball,January,1095.5,"1,087",2017,60134
Pick 4,January,4769.0,"5,910",2017,60134
Pick4 Fireball,January,803.5,"1,020",2017,60134
Powerball,January,14147.0,"3,344",2017,60134
EZ Match,January,356.0,356,2017,60135
Instant Rollup,January,61500.0,Not Tracked,2017,60135
Lotto,January,3282.0,"1,207",2017,60135
Lucky Day Lotto,January,3688.0,"1,559",2017,60135
Mega Millions ,January,3807.0,"1,335",2017,60135
Pick 3,January,680.5,563,2017,60135
Pick3 Fireball,January,146.0,131,2017,60135
Pick 4,January,622.5,750,2017,60135
Pick4 Fireball,January,268.5,457,2017,60135
Powerball,January,3224.0,937,2017,60135
EZ Match,January,194.0,194,2017,60136
Instant Rollup,January,35250.0,Not Tracked,2017,60136
Lotto,January,2702.0,751,2017,60136
Lucky Day Lotto,January,2327.0,992,2017,60136
Mega Millions ,January,2774.0,868,2017,60136
Pick 3,January,1132.0,"1,129",2017,60136
Pick3 Fireball,January,68.5,72,2017,60136
Pick 4,January,303.5,286,2017,60136
Pick4 Fireball,January,101.5,111,2017,60136
Powerball,January,2826.0,619,2017,60136
EZ Match,January,3085.0,"3,085",2017,60137
Instant Rollup,January,270600.0,Not Tracked,2017,60137
Lotto,January,18727.0,"5,593",2017,60137
Lucky Day Lotto,January,19491.0,"9,429",2017,60137
Mega Millions ,January,21279.0,"7,264",2017,60137
Pick 3,January,14840.0,"16,889",2017,60137
Pick3 Fireball,January,7127.0,"8,904",2017,60137
Pick 4,January,7523.0,"10,366",2017,60137
Pick4 Fireball,January,3152.0,"4,205",2017,60137
Powerball,January,19243.0,"4,882",2017,60137
EZ Match,January,2654.0,"2,654",2017,60139
Instant Rollup,January,567000.0,Not Tracked,2017,60139
Lotto,January,21684.0,"7,850",2017,60139
Lucky Day Lotto,January,30287.0,"14,520",2017,60139
Mega Millions ,January,28084.0,"10,455",2017,60139
Pick 3,January,27870.0,"28,982",2017,60139
Pick3 Fireball,January,5998.0,"7,015",2017,60139
Pick 4,January,23581.0,"29,484",2017,60139
Pick4 Fireball,January,7179.5,"10,224",2017,60139
Powerball,January,24943.0,"6,861",2017,60139
EZ Match,January,1107.0,"1,107",2017,60140
Instant Rollup,January,171600.0,Not Tracked,2017,60140
Lotto,January,9485.0,"2,842",2017,60140
Lucky Day Lotto,January,10367.0,"4,590",2017,60140
Mega Millions ,January,8397.0,"3,109",2017,60140
Pick 3,January,3260.5,"2,812",2017,60140
Pick3 Fireball,January,2419.5,"1,883",2017,60140
Pick 4,January,3202.0,"3,458",2017,60140
Pick4 Fireball,January,1735.0,"1,948",2017,60140
Powerball,January,9274.0,"2,338",2017,60140
EZ Match,January,1528.0,"1,528",2017,60142
Instant Rollup,January,282150.0,Not Tracked,2017,60142
Lotto,January,19396.0,"5,226",2017,60142
Lucky Day Lotto,January,20069.0,"7,264",2017,60142
Mega Millions ,January,18444.0,"5,663",2017,60142
Pick 3,January,7442.0,"6,116",2017,60142
Pick3 Fireball,January,1479.0,"1,449",2017,60142
Pick 4,January,6763.0,"5,922",2017,60142
Pick4 Fireball,January,2108.0,"2,218",2017,60142
Powerball,January,15615.0,"3,724",2017,60142
EZ Match,January,1653.0,"1,653",2017,60143
Instant Rollup,January,203850.0,Not Tracked,2017,60143
Lotto,January,17474.0,"4,723",2017,60143
Lucky Day Lotto,January,23768.0,"8,928",2017,60143
Mega Millions ,January,18625.0,"5,931",2017,60143
Pick 3,January,8440.5,"8,446",2017,60143
Pick3 Fireball,January,1796.0,"1,928",2017,60143
Pick 4,January,8940.0,"10,884",2017,60143
Pick4 Fireball,January,2299.5,"3,051",2017,60143
Powerball,January,14435.0,"3,666",2017,60143
EZ Match,January,91.0,91,2017,60144
Instant Rollup,January,9600.0,Not Tracked,2017,60144
Lotto,January,1062.0,324,2017,60144
Lucky Day Lotto,January,897.0,414,2017,60144
Mega Millions ,January,732.0,270,2017,60144
Pick 3,January,90.0,30,2017,60144
Pick3 Fireball,January,77.0,17,2017,60144
Pick 4,January,49.0,19,2017,60144
Pick4 Fireball,January,49.0,19,2017,60144
Powerball,January,824.0,207,2017,60144
EZ Match,January,536.0,536,2017,60145
Instant Rollup,January,12600.0,Not Tracked,2017,60145
Lotto,January,1089.0,412,2017,60145
Lucky Day Lotto,January,1744.0,971,2017,60145
Mega Millions ,January,1105.0,407,2017,60145
Pick 3,January,679.5,617,2017,60145
Pick3 Fireball,January,488.0,488,2017,60145
Pick 4,January,83.5,68,2017,60145
Pick4 Fireball,January,17.0,13,2017,60145
Powerball,January,1152.0,333,2017,60145
EZ Match,January,427.0,427,2017,60146
Instant Rollup,January,36300.0,Not Tracked,2017,60146
Lotto,January,971.0,351,2017,60146
Lucky Day Lotto,January,2293.0,890,2017,60146
Mega Millions ,January,1285.0,437,2017,60146
Pick 3,January,689.0,581,2017,60146
Pick3 Fireball,January,58.0,58,2017,60146
Pick 4,January,270.5,204,2017,60146
Pick4 Fireball,January,39.0,39,2017,60146
Powerball,January,1501.0,373,2017,60146
EZ Match,January,6144.0,"6,144",2017,60148
Instant Rollup,January,708450.0,Not Tracked,2017,60148
Lotto,January,38815.0,"13,385",2017,60148
Lucky Day Lotto,January,53718.0,"24,938",2017,60148
Mega Millions ,January,47336.0,"17,361",2017,60148
Pick 3,January,38187.5,"37,932",2017,60148
Pick3 Fireball,January,10747.5,"11,766",2017,60148
Pick 4,January,32440.5,"40,127",2017,60148
Pick4 Fireball,January,11430.0,"15,255",2017,60148
Powerball,January,44313.0,"11,731",2017,60148
EZ Match,January,49.0,49,2017,60150
Instant Rollup,January,12000.0,Not Tracked,2017,60150
Lotto,January,590.0,251,2017,60150
Lucky Day Lotto,January,1095.0,494,2017,60150
Mega Millions ,January,684.0,335,2017,60150
Pick 3,January,304.0,293,2017,60150
Pick3 Fireball,January,30.0,40,2017,60150
Pick 4,January,296.0,254,2017,60150
Pick4 Fireball,January,18.0,21,2017,60150
Powerball,January,695.0,250,2017,60150
EZ Match,January,249.0,249,2017,60151
Instant Rollup,January,39750.0,Not Tracked,2017,60151
Lotto,January,1947.0,768,2017,60151
Lucky Day Lotto,January,1989.0,891,2017,60151
Mega Millions ,January,2255.0,838,2017,60151
Pick 3,January,240.0,245,2017,60151
Pick3 Fireball,January,96.0,107,2017,60151
Pick 4,January,752.5,801,2017,60151
Pick4 Fireball,January,617.0,626,2017,60151
Powerball,January,2491.0,683,2017,60151
EZ Match,January,959.0,959,2017,60152
Instant Rollup,January,136350.0,Not Tracked,2017,60152
Lotto,January,7349.0,"2,169",2017,60152
Lucky Day Lotto,January,6565.0,"2,949",2017,60152
Mega Millions ,January,7846.0,"2,658",2017,60152
Pick 3,January,1330.5,"1,298",2017,60152
Pick3 Fireball,January,562.0,570,2017,60152
Pick 4,January,895.5,897,2017,60152
Pick4 Fireball,January,590.5,623,2017,60152
Powerball,January,7656.0,"1,806",2017,60152
EZ Match,January,2281.0,"2,281",2017,60153
Instant Rollup,January,278100.0,Not Tracked,2017,60153
Lotto,January,6690.0,"2,746",2017,60153
Lucky Day Lotto,January,17024.0,"9,995",2017,60153
Mega Millions ,January,9562.0,"4,096",2017,60153
Pick 3,January,109005.0,"119,453",2017,60153
Pick3 Fireball,January,17977.0,"22,312",2017,60153
Pick 4,January,84564.5,"139,681",2017,60153
Pick4 Fireball,January,24873.5,"44,303",2017,60153
Powerball,January,8172.0,"2,582",2017,60153
EZ Match,January,4855.0,"4,855",2017,60154
Instant Rollup,January,489000.0,Not Tracked,2017,60154
Lotto,January,23986.0,"7,798",2017,60154
Lucky Day Lotto,January,39301.0,"18,666",2017,60154
Mega Millions ,January,27513.0,"9,271",2017,60154
Pick 3,January,91983.0,"95,857",2017,60154
Pick3 Fireball,January,21003.0,"25,662",2017,60154
Pick 4,January,94370.5,"128,838",2017,60154
Pick4 Fireball,January,32219.5,"45,066",2017,60154
Powerball,January,26680.0,"6,664",2017,60154
EZ Match,January,1133.0,"1,133",2017,60155
Instant Rollup,January,100650.0,Not Tracked,2017,60155
